{
    "name": "Demo 2 - metadata activity",
    "properties": {
        "activities": [
            {
                "name": "Get Metadata Last Modified date",
                "type": "GetMetadata",
                "dependsOn": [],
                "policy": {
                    "timeout": "0.12:00:00",
                    "retry": 0,
                    "retryIntervalInSeconds": 30,
                    "secureOutput": false,
                    "secureInput": false
                },
                "userProperties": [],
                "typeProperties": {
                    "dataset": {
                        "referenceName": "az_ADLS_inputEmp",
                        "type": "DatasetReference"
                    },
                    "fieldList": [
                        "lastModified",
                        "size",
                        "itemName"
                    ],
                    "storeSettings": {
                        "type": "AzureBlobFSReadSettings",
                        "enablePartitionDiscovery": false
                    },
                    "formatSettings": {
                        "type": "DelimitedTextReadSettings"
                    }
                }
            }
        ],
        "annotations": []
    }
}