{
    "name": "Demo 1 - Copy Activity Wizard",
    "properties": {
        "description": "copy data from Sql sercer into azure data lake",
        "activities": [
            {
                "name": "Copy_bss",
                "type": "Copy",
                "dependsOn": [],
                "policy": {
                    "timeout": "0.12:00:00",
                    "retry": 0,
                    "retryIntervalInSeconds": 30,
                    "secureOutput": false,
                    "secureInput": false
                },
                "userProperties": [
                    {
                        "name": "Source",
                        "value": "dbo.emp"
                    },
                    {
                        "name": "Destination",
                        "value": "data/Development/Destination/Emp.csv"
                    }
                ],
                "typeProperties": {
                    "source": {
                        "type": "AzureSqlSource",
                        "partitionOption": "None"
                    },
                    "sink": {
                        "type": "DelimitedTextSink",
                        "storeSettings": {
                            "type": "AzureBlobFSWriteSettings"
                        },
                        "formatSettings": {
                            "type": "DelimitedTextWriteSettings",
                            "quoteAllText": true,
                            "fileExtension": ".txt"
                        }
                    },
                    "enableStaging": false,
                    "validateDataConsistency": false,
                    "translator": {
                        "type": "TabularTranslator",
                        "typeConversion": true,
                        "typeConversionSettings": {
                            "allowDataTruncation": true,
                            "treatBooleanAsNumber": false
                        }
                    }
                },
                "inputs": [
                    {
                        "referenceName": "SqlServerEmpTable",
                        "type": "DatasetReference"
                    }
                ],
                "outputs": [
                    {
                        "referenceName": "AzuredatalakeEmp",
                        "type": "DatasetReference"
                    }
                ]
            }
        ],
        "annotations": [],
        "lastPublishTime": "2023-06-26T23:51:32Z"
    },
    "type": "Microsoft.DataFactory/factories/pipelines"
}