{
    "now": "2023-06-27T21:54:33.079Z",
    "perfNow": 82257395,
    "diagnosticCorrelation": "35c512e7-02dd-42fa-997e-86a85d9e55fb",
    "source": "DownloadSupportFiles",
    "environment": {
        "productName": "adf",
        "buildVersion": "1.0.062123.9",
        "environmentType": 3,
        "resourceName": "dfprobi3",
        "resourceRegion": "westus",
        "resourceGroup": "ResourseGroup",
        "subscriptionId": "e590d8dc-5a8a-419d-a3c3-35363151f12f",
        "sessionId": "Sn3eNTeg7WyIOPHZ5Ag80W",
        "operationId": "",
        "gitType": "live",
        "loggingKey": "91c65e9c-3ac2-4f0b-b84b-0009f58f80d1"
    },
    "additionalInfo": {
        "selectedResource": "Demo 1 - Copy Activity Wizard",
        "selectedResourceType": "pipeline"
    }
}