{
    "name": "az_ADLS_inputEmp",
    "properties": {
        "linkedServiceName": {
            "referenceName": "AzureDataLakeStorage1",
            "type": "LinkedServiceReference"
        },
        "annotations": [],
        "type": "DelimitedText",
        "typeProperties": {
            "location": {
                "type": "AzureBlobFSLocation",
                "fileName": "inputEmp_tq.txt",
                "folderPath": "Development/Source",
                "fileSystem": "data"
            },
            "columnDelimiter": "|",
            "escapeChar": "\\",
            "firstRowAsHeader": true,
            "quoteChar": "\""
        },
        "schema": [
            {
                "name": "\"FirstName\"|\"LastName\"",
                "type": "String"
            }
        ]
    }
}