{
    "name": "SqlServerEmpTable",
    "properties": {
        "linkedServiceName": {
            "referenceName": "AzureSqlDatabase1",
            "type": "LinkedServiceReference"
        },
        "annotations": [],
        "type": "AzureSqlTable",
        "schema": [
            {
                "name": "ID",
                "type": "int",
                "precision": 10
            },
            {
                "name": "FirstName",
                "type": "varchar"
            },
            {
                "name": "LastName",
                "type": "varchar"
            }
        ],
        "typeProperties": {
            "schema": "dbo",
            "table": "emp"
        }
    },
    "type": "Microsoft.DataFactory/factories/datasets"
}