{
    "now": "2023-06-27T21:55:05.602Z",
    "perfNow": 82289913.60000001,
    "diagnosticCorrelation": "4e6702f2-4b86-4082-b7f8-44cb5bb135bf",
    "source": "DownloadSupportFiles",
    "environment": {
        "productName": "adf",
        "buildVersion": "1.0.062123.9",
        "environmentType": 3,
        "resourceName": "dfprobi3",
        "resourceRegion": "westus",
        "resourceGroup": "ResourseGroup",
        "subscriptionId": "e590d8dc-5a8a-419d-a3c3-35363151f12f",
        "sessionId": "Sn3eNTeg7WyIOPHZ5Ag80W",
        "operationId": "",
        "gitType": "live",
        "loggingKey": "91c65e9c-3ac2-4f0b-b84b-0009f58f80d1"
    },
    "additionalInfo": {
        "selectedResource": "Demo 5 - if condition activity",
        "selectedResourceType": "pipeline"
    }
}