{
    "name": "Demo 4 - lookup acitivity",
    "properties": {
        "activities": [
            {
                "name": "Get Metadata Last Modified date",
                "type": "GetMetadata",
                "dependsOn": [],
                "policy": {
                    "timeout": "0.12:00:00",
                    "retry": 0,
                    "retryIntervalInSeconds": 30,
                    "secureOutput": false,
                    "secureInput": false
                },
                "userProperties": [],
                "typeProperties": {
                    "dataset": {
                        "referenceName": "az_ADLS_inputEmp",
                        "type": "DatasetReference"
                    },
                    "fieldList": [
                        "lastModified",
                        "size",
                        "itemName"
                    ],
                    "storeSettings": {
                        "type": "AzureBlobFSReadSettings",
                        "enablePartitionDiscovery": false
                    },
                    "formatSettings": {
                        "type": "DelimitedTextReadSettings"
                    }
                }
            },
            {
                "name": "Lookup1",
                "type": "Lookup",
                "dependsOn": [
                    {
                        "activity": "Get Metadata Last Modified date",
                        "dependencyConditions": [
                            "Succeeded"
                        ]
                    }
                ],
                "policy": {
                    "timeout": "0.12:00:00",
                    "retry": 0,
                    "retryIntervalInSeconds": 30,
                    "secureOutput": false,
                    "secureInput": false
                },
                "userProperties": [],
                "typeProperties": {
                    "source": {
                        "type": "AzureSqlSource",
                        "sqlReaderStoredProcedureName": "[dbo].[usp_LastLoadDate]",
                        "storedProcedureParameters": {
                            "Name": {
                                "type": "String",
                                "value": {
                                    "value": "@activity('Get Metadata Last Modified date').output.itemName",
                                    "type": "Expression"
                                }
                            }
                        },
                        "queryTimeout": "02:00:00",
                        "partitionOption": "None"
                    },
                    "dataset": {
                        "referenceName": "SqlServerEmpTable",
                        "type": "DatasetReference"
                    }
                }
            }
        ],
        "annotations": []
    }
}