{
    "name": "Demo 3 - store proc activity",
    "properties": {
        "activities": [
            {
                "name": "Get Metadata Last Modified date",
                "type": "GetMetadata",
                "dependsOn": [],
                "policy": {
                    "timeout": "0.12:00:00",
                    "retry": 0,
                    "retryIntervalInSeconds": 30,
                    "secureOutput": false,
                    "secureInput": false
                },
                "userProperties": [],
                "typeProperties": {
                    "dataset": {
                        "referenceName": "az_ADLS_inputEmp",
                        "type": "DatasetReference"
                    },
                    "fieldList": [
                        "lastModified",
                        "size",
                        "itemName"
                    ],
                    "storeSettings": {
                        "type": "AzureBlobFSReadSettings",
                        "enablePartitionDiscovery": false
                    },
                    "formatSettings": {
                        "type": "DelimitedTextReadSettings"
                    }
                }
            },
            {
                "name": "Stored procedure1",
                "type": "SqlServerStoredProcedure",
                "dependsOn": [
                    {
                        "activity": "Get Metadata Last Modified date",
                        "dependencyConditions": [
                            "Succeeded"
                        ]
                    }
                ],
                "policy": {
                    "timeout": "0.12:00:00",
                    "retry": 0,
                    "retryIntervalInSeconds": 30,
                    "secureOutput": false,
                    "secureInput": false
                },
                "userProperties": [],
                "typeProperties": {
                    "storedProcedureName": "[dbo].[usp_InsertLastModifiedDate]",
                    "storedProcedureParameters": {
                        "ModifiedDate": {
                            "value": {
                                "value": "@activity('Get Metadata Last Modified date').output.lastModified",
                                "type": "Expression"
                            },
                            "type": "DateTime"
                        },
                        "RecordInsertDate": {
                            "value": {
                                "value": "@convertFromUtc(utcNow(), 'Pacific Standard Time' )",
                                "type": "Expression"
                            },
                            "type": "DateTime"
                        }
                    }
                },
                "linkedServiceName": {
                    "referenceName": "AzureSqlDatabase1",
                    "type": "LinkedServiceReference"
                }
            }
        ],
        "annotations": []
    }
}